{
    "encoding_dim": 31,
    "batch_size": 512,
    "lr": 6.199534082472846e-05,
    "l1_lambda": 4.945292700071595e-05
}